[{"id":"user-image-logo.png","fileName":"logo.png","name":"logo","publicUrl":"https://assets.nicepagecdn.com/5ab7f83f/6545272/images/logo.png","size":142819,"hash":"xEJhkL6HDU/dq2x8R+pmqReSyOs=","width":5194,"height":1913,"folderId":null,"thumbnail":{"url":"https://assets.nicepagecdn.com/5ab7f83f/6545272/images/thumbnails/logo.png","width":150,"height":55},"usages":[]},{"id":"user-image-10.png","fileName":"10.png","name":"10","publicUrl":"https://assets.nicepagecdn.com/5ab7f83f/6545272/images/10.png","size":309865,"hash":"Bo3WuCowWDbMZBJ4hni3/OjbqAM=","width":1140,"height":188,"folderId":null,"thumbnail":{"url":"https://assets.nicepagecdn.com/5ab7f83f/6545272/images/thumbnails/10.png","width":150,"height":25},"usages":[]},{"id":"user-image-9.png","fileName":"9.png","name":"9","publicUrl":"https://assets.nicepagecdn.com/5ab7f83f/6545272/images/9.png","size":211902,"hash":"xS1pALHxOxUrso9Bf1qy6OArhPA=","width":1140,"height":188,"folderId":null,"thumbnail":{"url":"https://assets.nicepagecdn.com/5ab7f83f/6545272/images/thumbnails/9.png","width":150,"height":25},"usages":[]},{"id":"user-image-8.png","fileName":"8.png","name":"8","publicUrl":"https://assets.nicepagecdn.com/5ab7f83f/6545272/images/8.png","size":5110105,"hash":"mi6qVlc8naOv6ob7KFy+uS76t+4=","width":1140,"height":7224,"folderId":null,"thumbnail":{"url":"https://assets.nicepagecdn.com/5ab7f83f/6545272/images/thumbnails/8.png","width":24,"height":150},"usages":["768416606"]},{"id":"user-image-7.png","fileName":"7.png","name":"7","publicUrl":"https://assets.nicepagecdn.com/5ab7f83f/6545272/images/7.png","size":5101772,"hash":"i01yTR72qsdDAqwRZqQelcDK64A=","width":1140,"height":7224,"folderId":null,"thumbnail":{"url":"https://assets.nicepagecdn.com/5ab7f83f/6545272/images/thumbnails/7.png","width":24,"height":150},"usages":[]},{"id":"user-image-6.png","fileName":"6.png","name":"6","publicUrl":"https://assets.nicepagecdn.com/5ab7f83f/6545272/images/6.png","size":3088362,"hash":"XO4l8EARj52Rj+Px7BgVBAKnqV0=","width":1140,"height":4378,"folderId":null,"thumbnail":{"url":"https://assets.nicepagecdn.com/5ab7f83f/6545272/images/thumbnails/6.png","width":39,"height":150},"usages":["80467498"]},{"id":"user-image-5.png","fileName":"5.png","name":"5","publicUrl":"https://assets.nicepagecdn.com/5ab7f83f/6545272/images/5.png","size":238414,"hash":"NpQlhCroN+z/8t1piNo1PkiOOGw=","width":673,"height":638,"folderId":null,"thumbnail":{"url":"https://assets.nicepagecdn.com/5ab7f83f/6545272/images/thumbnails/5.png","width":150,"height":142},"usages":["917230767"]},{"id":"user-image-4.png","fileName":"4.png","name":"4","publicUrl":"https://assets.nicepagecdn.com/5ab7f83f/6545272/images/4.png","size":965950,"hash":"iAzTN9l1EkCOBP6L61T8eAMeSZs=","width":1061,"height":813,"folderId":null,"thumbnail":{"url":"https://assets.nicepagecdn.com/5ab7f83f/6545272/images/thumbnails/4.png","width":150,"height":115},"usages":[]},{"id":"user-image-3.png","fileName":"3.png","name":"3","publicUrl":"https://assets.nicepagecdn.com/5ab7f83f/6545272/images/3.png","size":869285,"hash":"Dblf2oUh472oj0tfo1NimyXTe4Q=","width":755,"height":820,"folderId":null,"thumbnail":{"url":"https://assets.nicepagecdn.com/5ab7f83f/6545272/images/thumbnails/3.png","width":138,"height":150},"usages":["917230767"]},{"id":"user-image--1.png","fileName":"-1.png","name":"-1","publicUrl":"https://assets.nicepagecdn.com/5ab7f83f/6545272/images/-1.png","size":53938,"hash":"XjMy8FcRkCR+CtypFE8rIHutoNo=","width":750,"height":887,"folderId":null,"thumbnail":{"url":"https://assets.nicepagecdn.com/5ab7f83f/6545272/images/thumbnails/-1.png","width":127,"height":150},"usages":["917230767"]},{"id":"user-image-change-1.png","fileName":"change-1.png","name":"change-1","publicUrl":"https://assets.nicepagecdn.com/5ab7f83f/6545272/images/change-1.png","size":708464,"hash":"r5qBxhuJTk456jUHzvNjwBZX7QY=","width":939,"height":826,"folderId":null,"thumbnail":{"url":"https://assets.nicepagecdn.com/5ab7f83f/6545272/images/thumbnails/change-1.png","width":150,"height":132},"usages":["917230767"]},{"id":"user-image-change.png","fileName":"change.png","name":"change","publicUrl":"https://assets.nicepagecdn.com/5ab7f83f/6545272/images/change.png","size":902052,"hash":"kO0iMU/DSYgXUO1FI0e5cIqx1PY=","width":1440,"height":887,"folderId":null,"thumbnail":{"url":"https://assets.nicepagecdn.com/5ab7f83f/6545272/images/thumbnails/change.png","width":150,"height":92},"usages":[]},{"id":"user-image-2.png","fileName":"2.png","name":"2","publicUrl":"https://assets.nicepagecdn.com/5ab7f83f/6545272/images/2.png","size":361289,"hash":"ygI25yI3WPHjH0OpFocXamaAotk=","width":1440,"height":887,"folderId":null,"thumbnail":{"url":"https://assets.nicepagecdn.com/5ab7f83f/6545272/images/thumbnails/2.png","width":150,"height":92},"usages":[]},{"id":"user-image-IMG_2550.PNG","fileName":"IMG_2550.PNG","name":"IMG_2550","publicUrl":"https://assets.nicepagecdn.com/5ab7f83f/6545272/images/IMG_2550.PNG","size":2935974,"hash":"e42A2rV7w7U43VFT0+9WFWWNzt8=","width":1242,"height":1643,"folderId":null,"thumbnail":{"url":"https://assets.nicepagecdn.com/5ab7f83f/6545272/images/IMG_2550.PNG","width":1242,"height":1643},"usages":["80467498"]},{"id":"user-image-IMG_2554.PNG","fileName":"IMG_2554.PNG","name":"IMG_2554","publicUrl":"https://assets.nicepagecdn.com/5ab7f83f/6545272/images/IMG_2554.PNG","size":2875150,"hash":"UpELVizI2UVyeQK6KfQIE1CuFKE=","width":1242,"height":1615,"folderId":null,"thumbnail":{"url":"https://assets.nicepagecdn.com/5ab7f83f/6545272/images/IMG_2554.PNG","width":1242,"height":1615},"usages":["80467498"]},{"id":"user-image-IMG_2551.PNG","fileName":"IMG_2551.PNG","name":"IMG_2551","publicUrl":"https://assets.nicepagecdn.com/5ab7f83f/6545272/images/IMG_2551.PNG","size":3021100,"hash":"/Kyn5COSJI1n0QStCwISNTxzpsI=","width":1242,"height":1654,"folderId":null,"thumbnail":{"url":"https://assets.nicepagecdn.com/5ab7f83f/6545272/images/IMG_2551.PNG","width":1242,"height":1654},"usages":["80467498"]},{"id":"user-image-IMG_2553.PNG","fileName":"IMG_2553.PNG","name":"IMG_2553","publicUrl":"https://assets.nicepagecdn.com/5ab7f83f/6545272/images/IMG_2553.PNG","size":2643054,"hash":"sf5dyj+N0/6rUH/vuqfUlWMgauI=","width":1242,"height":1650,"folderId":null,"thumbnail":{"url":"https://assets.nicepagecdn.com/5ab7f83f/6545272/images/IMG_2553.PNG","width":1242,"height":1650},"usages":["80467498"]},{"id":"user-image-IMG_2556.PNG","fileName":"IMG_2556.PNG","name":"IMG_2556","publicUrl":"https://assets.nicepagecdn.com/5ab7f83f/6545272/images/IMG_2556.PNG","size":2420099,"hash":"u3nCIfNrM9YItbT1rnh3LfPMRZc=","width":1242,"height":1646,"folderId":null,"thumbnail":{"url":"https://assets.nicepagecdn.com/5ab7f83f/6545272/images/IMG_2556.PNG","width":1242,"height":1646},"usages":["80467498"]},{"id":"user-image-IMG_2552.PNG","fileName":"IMG_2552.PNG","name":"IMG_2552","publicUrl":"https://assets.nicepagecdn.com/5ab7f83f/6545272/images/IMG_2552.PNG","size":3718001,"hash":"p8u6lz8VCAazQ2lAx9DOKRhhb3k=","width":1242,"height":1654,"folderId":null,"thumbnail":{"url":"https://assets.nicepagecdn.com/5ab7f83f/6545272/images/IMG_2552.PNG","width":1242,"height":1654},"usages":["80467498"]},{"id":"user-image-IMG_2549.JPG","fileName":"IMG_2549.JPG","name":"IMG_2549","publicUrl":"https://assets.nicepagecdn.com/5ab7f83f/6545272/images/IMG_2549.JPG","size":1061754,"hash":"bv/58QdQLA6beIhzFCtzHtVFIdQ=","width":2948,"height":1965,"folderId":null,"thumbnail":{"url":"https://assets.nicepagecdn.com/5ab7f83f/6545272/images/IMG_2549.JPG","width":2948,"height":1965},"usages":["80467498"]},{"id":"user-image-IMG_2544.JPG","fileName":"IMG_2544.JPG","name":"IMG_2544","publicUrl":"https://assets.nicepagecdn.com/5ab7f83f/6545272/images/IMG_2544.JPG","size":1274154,"hash":"n2Qyl/b/NtWatgjf489ddTyWI5s=","width":2948,"height":2211,"folderId":null,"thumbnail":{"url":"https://assets.nicepagecdn.com/5ab7f83f/6545272/images/IMG_2544.JPG","width":2948,"height":2211},"usages":["10486713"]},{"id":"user-image-IMG_2540.JPG","fileName":"IMG_2540.JPG","name":"IMG_2540","publicUrl":"https://assets.nicepagecdn.com/5ab7f83f/6545272/images/IMG_2540.JPG","size":1214303,"hash":"TWw7Hujr6FLZtYGFu2nCkyFqZB4=","width":2948,"height":2211,"folderId":null,"thumbnail":{"url":"https://assets.nicepagecdn.com/5ab7f83f/6545272/images/IMG_2540.JPG","width":2948,"height":2211},"usages":["768416606"]},{"id":"user-image-IMG_2529.JPG","fileName":"IMG_2529.JPG","name":"IMG_2529","publicUrl":"https://assets.nicepagecdn.com/5ab7f83f/6545272/images/IMG_2529.JPG","size":1432626,"hash":"gp7xw5KNAzepzgOgyyZQv+AlCMc=","width":2948,"height":2211,"folderId":null,"thumbnail":{"url":"https://assets.nicepagecdn.com/5ab7f83f/6545272/images/IMG_2529.JPG","width":2948,"height":2211},"usages":["768416606"]},{"id":"user-image-IMG_8551.JPG","fileName":"IMG_8551.JPG","name":"IMG_8551","publicUrl":"https://assets.nicepagecdn.com/5ab7f83f/6545272/images/IMG_8551.JPG","size":1135141,"hash":"BcZiYMEdxwxzPHmVTisM5zbTsGU=","width":2948,"height":2211,"folderId":null,"thumbnail":{"url":"https://assets.nicepagecdn.com/5ab7f83f/6545272/images/IMG_8551.JPG","width":2948,"height":2211},"usages":["80467498"]},{"id":"user-image-0374943e-c8cc-44c9-b534-f6f22e5c3276.png","fileName":"0374943e-c8cc-44c9-b534-f6f22e5c3276.png","name":"0374943e-c8cc-44c9-b534-f6f22e5c3276","publicUrl":"https://assets.nicepagecdn.com/5ab7f83f/6545272/images/0374943e-c8cc-44c9-b534-f6f22e5c3276.png","size":830288,"hash":"8yNCfjvZ4g/q4PYqEG5FYw69rCo=","width":2411,"height":1549,"folderId":null,"thumbnail":{"url":"https://assets.nicepagecdn.com/5ab7f83f/6545272/images/thumbnails/0374943e-c8cc-44c9-b534-f6f22e5c3276.png","width":150,"height":96},"usages":["80467498"]},{"id":"user-image-IMG_3565.JPG","fileName":"IMG_3565.JPG","name":"IMG_3565","publicUrl":"https://assets.nicepagecdn.com/5ab7f83f/6545272/images/IMG_3565.JPG","size":1849957,"hash":"3jWMYSOOhq2mjv7WaNZUM9F+mD8=","width":2948,"height":2211,"folderId":null,"thumbnail":{"url":"https://assets.nicepagecdn.com/5ab7f83f/6545272/images/IMG_3565.JPG","width":2948,"height":2211},"usages":["80467498"]},{"id":"user-image-IMG_6419.JPG","fileName":"IMG_6419.JPG","name":"IMG_6419","publicUrl":"https://assets.nicepagecdn.com/5ab7f83f/6545272/images/IMG_6419.JPG","size":1315067,"hash":"4PnxLELgz+w40cvX9R68wKDfVyw=","width":2948,"height":2211,"folderId":null,"thumbnail":{"url":"https://assets.nicepagecdn.com/5ab7f83f/6545272/images/IMG_6419.JPG","width":2948,"height":2211},"usages":["80467498"]},{"id":"user-image-IMG_7442.JPG","fileName":"IMG_7442.JPG","name":"IMG_7442","publicUrl":"https://assets.nicepagecdn.com/5ab7f83f/6545272/images/IMG_7442.JPG","size":2106053,"hash":"yy7HlFjQvtQbc8T8k3RJ45aBBA4=","width":2948,"height":2211,"folderId":null,"thumbnail":{"url":"https://assets.nicepagecdn.com/5ab7f83f/6545272/images/IMG_7442.JPG","width":2948,"height":2211},"usages":["80467498"]},{"id":"user-image-IMG_5868.JPG","fileName":"IMG_5868.JPG","name":"IMG_5868","publicUrl":"https://assets.nicepagecdn.com/5ab7f83f/6545272/images/IMG_5868.JPG","size":2054364,"hash":"0Ar/ibNYti0x88eCMPgQAdvuvBw=","width":2948,"height":2211,"folderId":null,"thumbnail":{"url":"https://assets.nicepagecdn.com/5ab7f83f/6545272/images/IMG_5868.JPG","width":2948,"height":2211},"usages":["80467498"]},{"id":"user-image-_20250730191119.png","fileName":"_20250730191119.png","name":"_20250730191119","publicUrl":"https://assets.nicepagecdn.com/5ab7f83f/6545272/images/_20250730191119.png","size":1543307,"hash":"gIiCq2S927OzI9fmsBaJq8LI8F0=","width":2388,"height":1276,"folderId":null,"thumbnail":{"url":"https://assets.nicepagecdn.com/5ab7f83f/6545272/images/thumbnails/_20250730191119.png","width":150,"height":80},"usages":[]},{"id":"user-image-_20250730191032.png","fileName":"_20250730191032.png","name":"_20250730191032","publicUrl":"https://assets.nicepagecdn.com/5ab7f83f/6545272/images/_20250730191032.png","size":1308626,"hash":"9gfRjQef7XWRgQiPlms56mKNtMU=","width":2388,"height":1279,"folderId":null,"thumbnail":{"url":"https://assets.nicepagecdn.com/5ab7f83f/6545272/images/thumbnails/_20250730191032.png","width":150,"height":80},"usages":[]},{"id":"user-image-_20250730190614.png","fileName":"_20250730190614.png","name":"_20250730190614","publicUrl":"https://assets.nicepagecdn.com/5ab7f83f/6545272/images/_20250730190614.png","size":1267822,"hash":"9PiHT9yfMJrhF5Z9Jj3f/6ZSPDI=","width":2388,"height":1277,"folderId":null,"thumbnail":{"url":"https://assets.nicepagecdn.com/5ab7f83f/6545272/images/thumbnails/_20250730190614.png","width":150,"height":80},"usages":[]},{"id":"user-image-_20250730190605.png","fileName":"_20250730190605.png","name":"_20250730190605","publicUrl":"https://assets.nicepagecdn.com/5ab7f83f/6545272/images/_20250730190605.png","size":1495402,"hash":"bFVAXoE0PNdg7ZuUkKFX1SmDeSQ=","width":2388,"height":1286,"folderId":null,"thumbnail":{"url":"https://assets.nicepagecdn.com/5ab7f83f/6545272/images/thumbnails/_20250730190605.png","width":150,"height":81},"usages":[]},{"id":"user-image-IMG_9342.JPG","fileName":"IMG_9342.JPG","name":"IMG_9342","publicUrl":"https://assets.nicepagecdn.com/5ab7f83f/6545272/images/IMG_9342.JPG","size":1839519,"hash":"hFZ/YfYZJYKUpmKBGbl3ysWny4M=","width":2316,"height":3088,"folderId":null,"thumbnail":{"url":"https://assets.nicepagecdn.com/5ab7f83f/6545272/images/IMG_9342.JPG","width":2316,"height":3088},"usages":["80467498"]},{"id":"user-image-41fc459ect416d3273c4b50732ad957e.jpg","fileName":"41fc459ect416d3273c4b50732ad957e.jpg","name":"41fc459ect416d3273c4b50732ad957e","publicUrl":"https://assets.nicepagecdn.com/5ab7f83f/6545272/images/41fc459ect416d3273c4b50732ad957e.jpg","size":653608,"hash":"HXp6lz2SUC9SRqHRHN9EI+pjNNM=","width":1600,"height":2399,"folderId":null,"thumbnail":{"url":"https://assets.nicepagecdn.com/5ab7f83f/6545272/images/thumbnails/41fc459ect416d3273c4b50732ad957e.jpg","width":100,"height":150},"usages":["80467498"]},{"id":"user-image-2C1E7AAD218D6C4C8300C4B2D813EFC2.png","fileName":"2C1E7AAD218D6C4C8300C4B2D813EFC2.png","name":"2C1E7AAD218D6C4C8300C4B2D813EFC2","publicUrl":"https://assets.nicepagecdn.com/5ab7f83f/6545272/images/2C1E7AAD218D6C4C8300C4B2D813EFC2.png","size":413805,"hash":"rfWQD1nBQhSK8DFYxHIlEiZ8nUU=","width":1080,"height":1620,"folderId":null,"thumbnail":{"url":"https://assets.nicepagecdn.com/5ab7f83f/6545272/images/thumbnails/2C1E7AAD218D6C4C8300C4B2D813EFC2.png","width":100,"height":150},"usages":["80467498"]},{"id":"user-image-IMG_9692.JPG","fileName":"IMG_9692.JPG","name":"IMG_9692","publicUrl":"https://assets.nicepagecdn.com/5ab7f83f/6545272/images/IMG_9692.JPG","size":158169,"hash":"sW+XFWAAeqeELRiOkeyUzz3PWuk=","width":1080,"height":1620,"folderId":null,"thumbnail":{"url":"https://assets.nicepagecdn.com/5ab7f83f/6545272/images/IMG_9692.JPG","width":1080,"height":1620},"usages":["80467498"]},{"id":"user-image-photo-1521911528923-9c3838123490.jpeg","fileName":"photo-1521911528923-9c3838123490.jpeg","name":"photo-1521911528923-9c3838123490","publicUrl":"https://assets.nicepagecdn.com/5ab7f83f/6545272/images/photo-1521911528923-9c3838123490.jpeg","size":739820,"hash":"B0+rA8v2BRGjbfnXOSYrFNW7vNc=","width":1080,"height":1620,"folderId":null,"thumbnail":{"url":"https://assets.nicepagecdn.com/5ab7f83f/6545272/images/thumbnails/photo-1521911528923-9c3838123490.jpeg","width":100,"height":150},"usages":[]},{"id":"user-image-photo-1534094830444-3a1e21f7e3e7.jpeg","fileName":"photo-1534094830444-3a1e21f7e3e7.jpeg","name":"photo-1534094830444-3a1e21f7e3e7","publicUrl":"https://assets.nicepagecdn.com/5ab7f83f/6545272/images/photo-1534094830444-3a1e21f7e3e7.jpeg","size":78288,"hash":"CKZz2mYDQ9OUbmSHYJw43Zf9id8=","width":1080,"height":1624,"folderId":null,"thumbnail":{"url":"https://assets.nicepagecdn.com/5ab7f83f/6545272/images/thumbnails/photo-1534094830444-3a1e21f7e3e7.jpeg","width":100,"height":150},"usages":[]},{"id":"user-image-afbd3e0e1pc432b5669fdfcddd3823b5.JPG","fileName":"afbd3e0e1pc432b5669fdfcddd3823b5.JPG","name":"afbd3e0e1pc432b5669fdfcddd3823b5","publicUrl":"https://assets.nicepagecdn.com/5ab7f83f/6545272/images/afbd3e0e1pc432b5669fdfcddd3823b5.JPG","size":4054303,"hash":"5ABbgV27zxQl075ScprnnYXCPJI=","width":3024,"height":4032,"folderId":null,"thumbnail":{"url":"https://assets.nicepagecdn.com/5ab7f83f/6545272/images/afbd3e0e1pc432b5669fdfcddd3823b5.JPG","width":3024,"height":4032},"usages":["768416606"]},{"id":"user-image-IMG_5153.JPG.JPG","fileName":"IMG_5153.JPG.JPG","name":"IMG_5153.JPG","publicUrl":"https://assets.nicepagecdn.com/5ab7f83f/6545272/images/IMG_5153.JPG.JPG","size":3442550,"hash":"TNPYEI8yDNjqNFpgW8H6FHASQ0Q=","width":3024,"height":4032,"folderId":null,"thumbnail":{"url":"https://assets.nicepagecdn.com/5ab7f83f/6545272/images/IMG_5153.JPG.JPG","width":3024,"height":4032},"usages":["768416606"]},{"id":"user-image-114caf562l2cae68aecc1938fa21d1a9.JPG","fileName":"114caf562l2cae68aecc1938fa21d1a9.JPG","name":"114caf562l2cae68aecc1938fa21d1a9","publicUrl":"https://assets.nicepagecdn.com/5ab7f83f/6545272/images/114caf562l2cae68aecc1938fa21d1a9.JPG","size":2445146,"hash":"J0LHceaKzEAC3tH5NMH8KbP+pmA=","width":3024,"height":4032,"folderId":null,"thumbnail":{"url":"https://assets.nicepagecdn.com/5ab7f83f/6545272/images/114caf562l2cae68aecc1938fa21d1a9.JPG","width":3024,"height":4032},"usages":["768416606"]},{"id":"user-image-IMG_5093.JPG.jpg","fileName":"IMG_5093.JPG.jpg","name":"IMG_5093.JPG","publicUrl":"https://assets.nicepagecdn.com/5ab7f83f/6545272/images/IMG_5093.JPG.jpg","size":550427,"hash":"vqURvLwVdTd8U/EaI9wHuk2v0aE=","width":1440,"height":1920,"folderId":null,"thumbnail":{"url":"https://assets.nicepagecdn.com/5ab7f83f/6545272/images/thumbnails/IMG_5093.JPG.jpg","width":113,"height":150},"usages":["768416606"]},{"id":"user-image-IMG_5955.JPG","fileName":"IMG_5955.JPG","name":"IMG_5955","publicUrl":"https://assets.nicepagecdn.com/5ab7f83f/6545272/images/IMG_5955.JPG","size":1876664,"hash":"pwSX8h8RxBtbTdFpMK4TTUK5CIY=","width":4032,"height":3024,"folderId":null,"thumbnail":{"url":"https://assets.nicepagecdn.com/5ab7f83f/6545272/images/IMG_5955.JPG","width":4032,"height":3024},"usages":[]},{"id":"user-image-35aa00464e0b8fc67babb7bbb3602a9c.JPG","fileName":"35aa00464e0b8fc67babb7bbb3602a9c.JPG","name":"35aa00464e0b8fc67babb7bbb3602a9c","publicUrl":"https://assets.nicepagecdn.com/5ab7f83f/6545272/images/35aa00464e0b8fc67babb7bbb3602a9c.JPG","size":4659034,"hash":"6oMq96PHUzS5vlLjxcsFghXIgLM=","width":4032,"height":3024,"folderId":null,"thumbnail":{"url":"https://assets.nicepagecdn.com/5ab7f83f/6545272/images/35aa00464e0b8fc67babb7bbb3602a9c.JPG","width":4032,"height":3024},"usages":[]},{"id":"user-image-5c9644432ddbd7a6af844892ab2f7cf7.JPG","fileName":"5c9644432ddbd7a6af844892ab2f7cf7.JPG","name":"5c9644432ddbd7a6af844892ab2f7cf7","publicUrl":"https://assets.nicepagecdn.com/5ab7f83f/6545272/images/5c9644432ddbd7a6af844892ab2f7cf7.JPG","size":3404964,"hash":"9U/RywW6k2XLT1JhWv7hxJ55j+c=","width":3024,"height":4032,"folderId":null,"thumbnail":{"url":"https://assets.nicepagecdn.com/5ab7f83f/6545272/images/5c9644432ddbd7a6af844892ab2f7cf7.JPG","width":3024,"height":4032},"usages":[]},{"id":"user-image-_20250730130721.jpg","fileName":"_20250730130721.jpg","name":"_20250730130721","publicUrl":"https://assets.nicepagecdn.com/5ab7f83f/6545272/images/_20250730130721.jpg","size":316015,"hash":"zi6YMggSe6rtd+GNJKqliGF4p0g=","width":1440,"height":1920,"folderId":null,"thumbnail":{"url":"https://assets.nicepagecdn.com/5ab7f83f/6545272/images/thumbnails/_20250730130721.jpg","width":113,"height":150},"usages":["768416606"]},{"id":"user-image-_20250730130538.jpg","fileName":"_20250730130538.jpg","name":"_20250730130538","publicUrl":"https://assets.nicepagecdn.com/5ab7f83f/6545272/images/_20250730130538.jpg","size":355798,"hash":"O5dzsYxVqHZiJSmFTBnvwgsVTjM=","width":1440,"height":1920,"folderId":null,"thumbnail":{"url":"https://assets.nicepagecdn.com/5ab7f83f/6545272/images/thumbnails/_20250730130538.jpg","width":113,"height":150},"usages":["768416606"]},{"id":"user-image-_20250730130413.jpg","fileName":"_20250730130413.jpg","name":"_20250730130413","publicUrl":"https://assets.nicepagecdn.com/5ab7f83f/6545272/images/_20250730130413.jpg","size":392289,"hash":"AdcHyqEKlgR7Q/kIMM5yfcchNpY=","width":1440,"height":1920,"folderId":null,"thumbnail":{"url":"https://assets.nicepagecdn.com/5ab7f83f/6545272/images/thumbnails/_20250730130413.jpg","width":113,"height":150},"usages":["768416606"]},{"id":"user-image-_20250730120637.png","fileName":"_20250730120637.png","name":"_20250730120637","publicUrl":"https://assets.nicepagecdn.com/5ab7f83f/6545272/images/_20250730120637.png","size":616845,"hash":"8OZGnbRc5S8uNpIKlGhJEnNb97U=","width":1191,"height":842,"folderId":null,"thumbnail":{"url":"https://assets.nicepagecdn.com/5ab7f83f/6545272/images/thumbnails/_20250730120637.png","width":150,"height":106},"usages":["768416606"]},{"id":"user-image-_20250730120634.png","fileName":"_20250730120634.png","name":"_20250730120634","publicUrl":"https://assets.nicepagecdn.com/5ab7f83f/6545272/images/_20250730120634.png","size":973183,"hash":"6DnO60GMjreaXwyL/xgH59c7FDk=","width":1920,"height":1080,"folderId":null,"thumbnail":{"url":"https://assets.nicepagecdn.com/5ab7f83f/6545272/images/thumbnails/_20250730120634.png","width":150,"height":84},"usages":["768416606"]},{"id":"user-image-_20250730120628.png","fileName":"_20250730120628.png","name":"_20250730120628","publicUrl":"https://assets.nicepagecdn.com/5ab7f83f/6545272/images/_20250730120628.png","size":420120,"hash":"tNvezCoH2xN46ovf96Hy9T+ANJw=","width":1191,"height":842,"folderId":null,"thumbnail":{"url":"https://assets.nicepagecdn.com/5ab7f83f/6545272/images/thumbnails/_20250730120628.png","width":150,"height":106},"usages":["768416606"]},{"id":"user-image-_20250730120621.jpg","fileName":"_20250730120621.jpg","name":"_20250730120621","publicUrl":"https://assets.nicepagecdn.com/5ab7f83f/6545272/images/_20250730120621.jpg","size":299898,"hash":"MsyTZA7MZJL618RPdZbCXG4imYo=","width":1920,"height":1358,"folderId":null,"thumbnail":{"url":"https://assets.nicepagecdn.com/5ab7f83f/6545272/images/thumbnails/_20250730120621.jpg","width":150,"height":106},"usages":["768416606"]},{"id":"user-image-_20250730114940.jpg","fileName":"_20250730114940.jpg","name":"_20250730114940","publicUrl":"https://assets.nicepagecdn.com/5ab7f83f/6545272/images/_20250730114940.jpg","size":369616,"hash":"ozrCCbBlPrAOZTyPCaw30JPcuEY=","width":1440,"height":1920,"folderId":null,"thumbnail":{"url":"https://assets.nicepagecdn.com/5ab7f83f/6545272/images/thumbnails/_20250730114940.jpg","width":113,"height":150},"usages":["768416606"]},{"id":"user-image-_20250730114057.jpg","fileName":"_20250730114057.jpg","name":"_20250730114057","publicUrl":"https://assets.nicepagecdn.com/5ab7f83f/6545272/images/_20250730114057.jpg","size":249344,"hash":"nvB16/BrPMcHpVC4NWlJKE0gDO4=","width":1440,"height":1920,"folderId":null,"thumbnail":{"url":"https://assets.nicepagecdn.com/5ab7f83f/6545272/images/thumbnails/_20250730114057.jpg","width":113,"height":150},"usages":["768416606"]},{"id":"user-image-_20250730114853-1.jpg","fileName":"_20250730114853-1.jpg","name":"_20250730114853-1","publicUrl":"https://assets.nicepagecdn.com/5ab7f83f/6545272/images/_20250730114853-1.jpg","size":708442,"hash":"hDJB9G1kJkasKGU+z82e9KfOuN4=","width":1440,"height":1920,"folderId":null,"thumbnail":{"url":"https://assets.nicepagecdn.com/5ab7f83f/6545272/images/thumbnails/_20250730114853-1.jpg","width":113,"height":150},"usages":["768416606"]},{"id":"user-image-_20250730114853.jpg","fileName":"_20250730114853.jpg","name":"_20250730114853","publicUrl":"https://assets.nicepagecdn.com/5ab7f83f/6545272/images/_20250730114853.jpg","size":708442,"hash":"hDJB9G1kJkasKGU+z82e9KfOuN4=","width":1440,"height":1920,"folderId":null,"thumbnail":{"url":"https://assets.nicepagecdn.com/5ab7f83f/6545272/images/thumbnails/_20250730114853.jpg","width":113,"height":150},"usages":[]},{"id":"user-image-_20250730114528.jpg","fileName":"_20250730114528.jpg","name":"_20250730114528","publicUrl":"https://assets.nicepagecdn.com/5ab7f83f/6545272/images/_20250730114528.jpg","size":313756,"hash":"HT3nF0v3KlVm8diSH3O3gjO7hqQ=","width":1440,"height":1920,"folderId":null,"thumbnail":{"url":"https://assets.nicepagecdn.com/5ab7f83f/6545272/images/thumbnails/_20250730114528.jpg","width":113,"height":150},"usages":["768416606"]},{"id":"user-image-_20250730111719.jpg","fileName":"_20250730111719.jpg","name":"_20250730111719","publicUrl":"https://assets.nicepagecdn.com/5ab7f83f/6545272/images/_20250730111719.jpg","size":500163,"hash":"KPiNpouv+7Kq+l/zCUU0eFbUmJo=","width":1242,"height":1594,"folderId":null,"thumbnail":{"url":"https://assets.nicepagecdn.com/5ab7f83f/6545272/images/thumbnails/_20250730111719.jpg","width":117,"height":150},"usages":["768416606"]},{"id":"user-image-_20250730110328.jpg","fileName":"_20250730110328.jpg","name":"_20250730110328","publicUrl":"https://assets.nicepagecdn.com/5ab7f83f/6545272/images/_20250730110328.jpg","size":566650,"hash":"7N+0viqLx0qTa7GMx+HwsznWfes=","width":1920,"height":1440,"folderId":null,"thumbnail":{"url":"https://assets.nicepagecdn.com/5ab7f83f/6545272/images/thumbnails/_20250730110328.jpg","width":150,"height":113},"usages":["768416606"]},{"id":"user-image-_20250730110148.jpg","fileName":"_20250730110148.jpg","name":"_20250730110148","publicUrl":"https://assets.nicepagecdn.com/5ab7f83f/6545272/images/_20250730110148.jpg","size":418800,"hash":"VDofxEYj8KIUtk1OO/aBzDSh2g8=","width":2388,"height":1668,"folderId":null,"thumbnail":{"url":"https://assets.nicepagecdn.com/5ab7f83f/6545272/images/thumbnails/_20250730110148.jpg","width":150,"height":105},"usages":["768416606"]},{"id":"user-image-_20250730103019.jpg","fileName":"_20250730103019.jpg","name":"_20250730103019","publicUrl":"https://assets.nicepagecdn.com/5ab7f83f/6545272/images/_20250730103019.jpg","size":136124,"hash":"ZqCCISJTNekNZqVKDzVmcmc51Qc=","width":1920,"height":1372,"folderId":null,"thumbnail":{"url":"https://assets.nicepagecdn.com/5ab7f83f/6545272/images/thumbnails/_20250730103019.jpg","width":150,"height":107},"usages":["768416606"]},{"id":"user-image-_20250730104659.jpg","fileName":"_20250730104659.jpg","name":"_20250730104659","publicUrl":"https://assets.nicepagecdn.com/5ab7f83f/6545272/images/_20250730104659.jpg","size":353269,"hash":"dVGDoWk6UVzQVLgmYwzJkAnzEO8=","width":1920,"height":1440,"folderId":null,"thumbnail":{"url":"https://assets.nicepagecdn.com/5ab7f83f/6545272/images/thumbnails/_20250730104659.jpg","width":150,"height":113},"usages":["768416606"]},{"id":"user-image-_20250730104655.jpg","fileName":"_20250730104655.jpg","name":"_20250730104655","publicUrl":"https://assets.nicepagecdn.com/5ab7f83f/6545272/images/_20250730104655.jpg","size":397479,"hash":"d7vecNmvFdEsY6xRVoftd1I/F7Y=","width":1920,"height":1440,"folderId":null,"thumbnail":{"url":"https://assets.nicepagecdn.com/5ab7f83f/6545272/images/thumbnails/_20250730104655.jpg","width":150,"height":113},"usages":["768416606"]},{"id":"user-image-_20250730104301.jpg","fileName":"_20250730104301.jpg","name":"_20250730104301","publicUrl":"https://assets.nicepagecdn.com/5ab7f83f/6545272/images/_20250730104301.jpg","size":303710,"hash":"KgwJEbAr+Gmo+LQQCjVBU6DcVuk=","width":1440,"height":1920,"folderId":null,"thumbnail":{"url":"https://assets.nicepagecdn.com/5ab7f83f/6545272/images/thumbnails/_20250730104301.jpg","width":113,"height":150},"usages":["768416606"]},{"id":"user-image-_20250730104702.jpg","fileName":"_20250730104702.jpg","name":"_20250730104702","publicUrl":"https://assets.nicepagecdn.com/5ab7f83f/6545272/images/_20250730104702.jpg","size":320133,"hash":"6t+uB0WXUmp+ThhfwBuFhlCRjzU=","width":1920,"height":1440,"folderId":null,"thumbnail":{"url":"https://assets.nicepagecdn.com/5ab7f83f/6545272/images/thumbnails/_20250730104702.jpg","width":150,"height":113},"usages":["768416606"]},{"id":"user-image-_20250730104650.jpg","fileName":"_20250730104650.jpg","name":"_20250730104650","publicUrl":"https://assets.nicepagecdn.com/5ab7f83f/6545272/images/_20250730104650.jpg","size":394554,"hash":"sydeaRczJHIl+8HoIBQ9eNnVlKo=","width":1920,"height":1440,"folderId":null,"thumbnail":{"url":"https://assets.nicepagecdn.com/5ab7f83f/6545272/images/thumbnails/_20250730104650.jpg","width":150,"height":113},"usages":["768416606"]},{"id":"user-image-_20250730104406.jpg","fileName":"_20250730104406.jpg","name":"_20250730104406","publicUrl":"https://assets.nicepagecdn.com/5ab7f83f/6545272/images/_20250730104406.jpg","size":472337,"hash":"PznOdjXwGe6hWFlsGsJ7CzHPp8I=","width":1440,"height":1920,"folderId":null,"thumbnail":{"url":"https://assets.nicepagecdn.com/5ab7f83f/6545272/images/thumbnails/_20250730104406.jpg","width":113,"height":150},"usages":["768416606"]},{"id":"user-image-_20250729230507.jpg","fileName":"_20250729230507.jpg","name":"_20250729230507","publicUrl":"https://assets.nicepagecdn.com/5ab7f83f/6545272/images/_20250729230507.jpg","size":664751,"hash":"MY0tzQiyG/H+ZUTMUMzY4DyRVBg=","width":1888,"height":2592,"folderId":null,"thumbnail":{"url":"https://assets.nicepagecdn.com/5ab7f83f/6545272/images/thumbnails/_20250729230507.jpg","width":109,"height":150},"usages":[]},{"id":"user-image-_20250729225428.jpg","fileName":"_20250729225428.jpg","name":"_20250729225428","publicUrl":"https://assets.nicepagecdn.com/5ab7f83f/6545272/images/_20250729225428.jpg","size":881894,"hash":"iAAcdXXX9B8Sk5FFFtXEp7uKhXg=","width":1920,"height":1920,"folderId":null,"thumbnail":{"url":"https://assets.nicepagecdn.com/5ab7f83f/6545272/images/thumbnails/_20250729225428.jpg","width":150,"height":150},"usages":[]},{"id":"user-image-_20250729225424.jpg","fileName":"_20250729225424.jpg","name":"_20250729225424","publicUrl":"https://assets.nicepagecdn.com/5ab7f83f/6545272/images/_20250729225424.jpg","size":605696,"hash":"JZzvh/8hUredvvZ+0/tFHjMOobk=","width":1440,"height":1920,"folderId":null,"thumbnail":{"url":"https://assets.nicepagecdn.com/5ab7f83f/6545272/images/thumbnails/_20250729225424.jpg","width":113,"height":150},"usages":[]},{"id":"user-image-_20250729225413.jpg","fileName":"_20250729225413.jpg","name":"_20250729225413","publicUrl":"https://assets.nicepagecdn.com/5ab7f83f/6545272/images/_20250729225413.jpg","size":594335,"hash":"+qEZ2q+FG4yKcgRAs5bo9mjaDNE=","width":1920,"height":1440,"folderId":null,"thumbnail":{"url":"https://assets.nicepagecdn.com/5ab7f83f/6545272/images/thumbnails/_20250729225413.jpg","width":150,"height":113},"usages":[]},{"id":"user-image-_20250729225223.jpg","fileName":"_20250729225223.jpg","name":"_20250729225223","publicUrl":"https://assets.nicepagecdn.com/5ab7f83f/6545272/images/_20250729225223.jpg","size":244903,"hash":"bjI6kJpqQmOegUCl9oiEQ5Oo8eM=","width":1279,"height":1706,"folderId":null,"thumbnail":{"url":"https://assets.nicepagecdn.com/5ab7f83f/6545272/images/thumbnails/_20250729225223.jpg","width":112,"height":150},"usages":[]},{"id":"user-image-_20250729224254.jpg","fileName":"_20250729224254.jpg","name":"_20250729224254","publicUrl":"https://assets.nicepagecdn.com/5ab7f83f/6545272/images/_20250729224254.jpg","size":62952,"hash":"stPvtqywk7RIiGCoP2oAGMJ4q/0=","width":1080,"height":1440,"folderId":null,"thumbnail":{"url":"https://assets.nicepagecdn.com/5ab7f83f/6545272/images/thumbnails/_20250729224254.jpg","width":113,"height":150},"usages":[]},{"id":"user-image-_20250729222851.jpg","fileName":"_20250729222851.jpg","name":"_20250729222851","publicUrl":"https://assets.nicepagecdn.com/5ab7f83f/6545272/images/_20250729222851.jpg","size":278863,"hash":"ZaseVBAk5G2lgYDJ86Llr2aEIm0=","width":1279,"height":1706,"folderId":null,"thumbnail":{"url":"https://assets.nicepagecdn.com/5ab7f83f/6545272/images/thumbnails/_20250729222851.jpg","width":112,"height":150},"usages":[]},{"id":"user-image-_20250729222813.jpg","fileName":"_20250729222813.jpg","name":"_20250729222813","publicUrl":"https://assets.nicepagecdn.com/5ab7f83f/6545272/images/_20250729222813.jpg","size":298874,"hash":"0TcP78fwI1DC1sdjhLbtABkRgEw=","width":1706,"height":1279,"folderId":null,"thumbnail":{"url":"https://assets.nicepagecdn.com/5ab7f83f/6545272/images/thumbnails/_20250729222813.jpg","width":150,"height":112},"usages":[]},{"id":"user-image-_20250729220717.jpg","fileName":"_20250729220717.jpg","name":"_20250729220717","publicUrl":"https://assets.nicepagecdn.com/5ab7f83f/6545272/images/_20250729220717.jpg","size":639498,"hash":"RzbEZDyepmSSHgu6u//HxxV7PDA=","width":1920,"height":1440,"folderId":null,"thumbnail":{"url":"https://assets.nicepagecdn.com/5ab7f83f/6545272/images/thumbnails/_20250729220717.jpg","width":150,"height":113},"usages":[]},{"id":"user-image-_20250729220707.jpg","fileName":"_20250729220707.jpg","name":"_20250729220707","publicUrl":"https://assets.nicepagecdn.com/5ab7f83f/6545272/images/_20250729220707.jpg","size":183639,"hash":"kY8MFoCItoO0sT9kwJGAWuqQ4dE=","width":1080,"height":1433,"folderId":null,"thumbnail":{"url":"https://assets.nicepagecdn.com/5ab7f83f/6545272/images/thumbnails/_20250729220707.jpg","width":113,"height":150},"usages":[]},{"id":"user-image-detail.jpg","fileName":"detail.jpg","name":"detail","publicUrl":"https://assets.nicepagecdn.com/5ab7f83f/6545272/images/detail.jpg","size":299333,"hash":"ZbewapQdH7349jF2fUTeaHQmHPE=","width":1279,"height":1920,"folderId":null,"thumbnail":{"url":"https://assets.nicepagecdn.com/5ab7f83f/6545272/images/thumbnails/detail.jpg","width":100,"height":150},"usages":[]},{"id":"user-image-f783dd3af4cc42e8446fbb9fdc5e51b.jpg","fileName":"f783dd3af4cc42e8446fbb9fdc5e51b.jpg","name":"f783dd3af4cc42e8446fbb9fdc5e51b","publicUrl":"https://assets.nicepagecdn.com/5ab7f83f/6545272/images/f783dd3af4cc42e8446fbb9fdc5e51b.jpg","size":316799,"hash":"TmZwfRH7jzaOgIqgMeRcV9HqQtc=","width":1600,"height":1278,"folderId":null,"thumbnail":{"url":"https://assets.nicepagecdn.com/5ab7f83f/6545272/images/thumbnails/f783dd3af4cc42e8446fbb9fdc5e51b.jpg","width":150,"height":120},"usages":[]},{"id":"user-image-12ab208a9c52af3bfca9b3da7df56be.jpg","fileName":"12ab208a9c52af3bfca9b3da7df56be.jpg","name":"12ab208a9c52af3bfca9b3da7df56be","publicUrl":"https://assets.nicepagecdn.com/5ab7f83f/6545272/images/12ab208a9c52af3bfca9b3da7df56be.jpg","size":134675,"hash":"XtNm91gG8hNpfiTwgiZplDCrNrk=","width":1920,"height":1384,"folderId":null,"thumbnail":{"url":"https://assets.nicepagecdn.com/5ab7f83f/6545272/images/thumbnails/12ab208a9c52af3bfca9b3da7df56be.jpg","width":150,"height":108},"usages":[]},{"id":"user-image-235ab3d8072f0b0c9d7e0c53dc9b46a.jpg","fileName":"235ab3d8072f0b0c9d7e0c53dc9b46a.jpg","name":"235ab3d8072f0b0c9d7e0c53dc9b46a","publicUrl":"https://assets.nicepagecdn.com/5ab7f83f/6545272/images/235ab3d8072f0b0c9d7e0c53dc9b46a.jpg","size":244676,"hash":"CxS0dSJBbn2JgSZpd8N+LPuLLRE=","width":1920,"height":1280,"folderId":null,"thumbnail":{"url":"https://assets.nicepagecdn.com/5ab7f83f/6545272/images/thumbnails/235ab3d8072f0b0c9d7e0c53dc9b46a.jpg","width":150,"height":100},"usages":["768416606"]},{"id":"user-image-hobnob.jpg","fileName":"hobnob.jpg","name":"hobnob","publicUrl":"https://assets.nicepagecdn.com/5ab7f83f/6545272/images/hobnob.jpg","size":294490,"hash":"0u0azW4qGw7CG0hd1+LPgP+k7zo=","width":1920,"height":1301,"folderId":null,"thumbnail":{"url":"https://assets.nicepagecdn.com/5ab7f83f/6545272/images/thumbnails/hobnob.jpg","width":150,"height":102},"usages":["768416606"]},{"id":"user-image-2097658.png","fileName":"2097658.png","name":"2097658","publicUrl":"https://assets.nicepagecdn.com/5ab7f83f/6545272/images/2097658.png","size":4035,"hash":"11ORsxH4NBwZc12pANg7qcCgoWc=","width":128,"height":128,"folderId":null,"thumbnail":{"url":"https://assets.nicepagecdn.com/5ab7f83f/6545272/images/2097658.png","width":128,"height":128},"usages":[]},{"id":"user-image-646094.png","fileName":"646094.png","name":"646094","publicUrl":"https://assets.nicepagecdn.com/5ab7f83f/6545272/images/646094.png","size":2920,"hash":"D4R2eI+UniH8DFN5GIjVyvdbvvY=","width":128,"height":128,"folderId":null,"thumbnail":{"url":"https://assets.nicepagecdn.com/5ab7f83f/6545272/images/646094.png","width":128,"height":128},"usages":[]},{"id":"user-image-b52d15c9-b844-e92c-4c74-79f8d8a0dc03.png","fileName":"b52d15c9-b844-e92c-4c74-79f8d8a0dc03.png","name":"b52d15c9-b844-e92c-4c74-79f8d8a0dc03","publicUrl":"https://assets.nicepagecdn.com/5ab7f83f/6545272/images/b52d15c9-b844-e92c-4c74-79f8d8a0dc03.png","size":2177385,"hash":"+7BURROkduB/M++4KdwEXTCelsE=","width":1280,"height":1920,"folderId":null,"thumbnail":{"url":"https://assets.nicepagecdn.com/5ab7f83f/6545272/images/thumbnails/b52d15c9-b844-e92c-4c74-79f8d8a0dc03.png","width":100,"height":150},"usages":["577208329"]},{"id":"user-image-_20250729103332.jpg","fileName":"_20250729103332.jpg","name":"_20250729103332","publicUrl":"https://assets.nicepagecdn.com/5ab7f83f/6545272/images/_20250729103332.jpg","size":398827,"hash":"mI3KJgqHCpepJsTw/JPxcu96fdc=","width":1280,"height":1920,"folderId":null,"thumbnail":{"url":"https://assets.nicepagecdn.com/5ab7f83f/6545272/images/thumbnails/_20250729103332.jpg","width":100,"height":150},"usages":[]},{"id":"user-image-1.jpg","fileName":"1.jpg","name":"1","publicUrl":"https://assets.nicepagecdn.com/5ab7f83f/6545272/images/1.jpg","size":175314,"hash":"XVRKiW7KdZnaEyzoAQO8+OG7zbw=","width":1706,"height":1279,"folderId":null,"thumbnail":{"url":"https://assets.nicepagecdn.com/5ab7f83f/6545272/images/thumbnails/1.jpg","width":150,"height":112},"usages":[]}]