[{"id":748202724,"title":"Blog Template","order":1,"templateKey":"blog","customTemplate":false,"customTemplateFilename":null,"pageLinks":[],"dateCreated":"2025-07-29T02:26:18.059Z","dateUpdated":"2025-07-29T02:26:31.818Z","folderId":null,"pageName":"Blog Template","sectionCount":1,"status":2},{"id":66680159,"title":"Post Template","order":2,"templateKey":"post","customTemplate":false,"customTemplateFilename":null,"pageLinks":[],"dateCreated":"2025-07-29T02:26:18.235Z","dateUpdated":"2025-07-29T02:26:31.818Z","folderId":null,"pageName":"Post Template","sectionCount":1,"status":2},{"id":90218369,"title":"Product List Template","order":3,"templateKey":"products","customTemplate":false,"customTemplateFilename":null,"pageLinks":[],"dateCreated":"2025-07-29T02:26:18.378Z","dateUpdated":"2025-07-29T02:26:31.819Z","folderId":null,"pageName":"Product List Template","sectionCount":1,"status":2},{"id":84621656,"title":"Product Details Template","order":4,"templateKey":"product","customTemplate":false,"customTemplateFilename":null,"pageLinks":[],"dateCreated":"2025-07-29T02:26:18.525Z","dateUpdated":"2025-07-29T02:26:31.819Z","folderId":null,"pageName":"Product Details Template","sectionCount":1,"status":2},{"id":1004920171,"title":"Shopping Cart Template","order":5,"templateKey":"cart","customTemplate":false,"customTemplateFilename":null,"pageLinks":[],"dateCreated":"2025-07-29T02:26:18.665Z","dateUpdated":"2025-07-29T02:26:31.819Z","folderId":null,"pageName":"Shopping Cart Template","sectionCount":1,"status":2},{"id":102563017,"title":"Login Template","order":7,"templateKey":"login","customTemplate":false,"customTemplateFilename":null,"pageLinks":[],"dateCreated":"2025-07-29T02:26:18.813Z","dateUpdated":"2025-07-29T02:26:31.819Z","folderId":null,"pageName":"Login Template","sectionCount":1,"status":2},{"id":330106370,"title":"Search Template","order":8,"templateKey":"Search","customTemplate":false,"customTemplateFilename":null,"pageLinks":[],"dateCreated":"2025-07-29T02:26:18.886Z","dateUpdated":"2025-07-29T02:26:31.819Z","folderId":null,"pageName":"Search Template","sectionCount":1,"status":2},{"id":517716981,"title":"Password Template","order":9,"templateKey":"password","customTemplate":false,"customTemplateFilename":null,"pageLinks":[],"dateCreated":"2025-07-29T02:26:18.968Z","dateUpdated":"2025-07-29T02:26:31.819Z","folderId":null,"pageName":"Password Template","sectionCount":1,"status":2},{"id":9337899,"title":"404 Not Found Template","order":10,"templateKey":"404","customTemplate":false,"customTemplateFilename":null,"pageLinks":[],"dateCreated":"2025-07-29T02:26:19.032Z","dateUpdated":"2025-07-29T02:26:31.819Z","folderId":null,"pageName":"404 Not Found Template","sectionCount":1,"status":2},{"id":57712054,"title":"Thank You Template","order":11,"templateKey":"ThankYou","customTemplate":false,"customTemplateFilename":null,"pageLinks":[],"dateCreated":"2025-07-29T02:26:19.090Z","dateUpdated":"2025-07-29T02:26:31.819Z","folderId":null,"pageName":"Thank You Template","sectionCount":1,"status":2},{"id":577208329,"title":"Home","order":50,"templateKey":null,"customTemplate":false,"customTemplateFilename":null,"pageLinks":[],"dateCreated":"2025-07-29T02:26:39.980Z","dateUpdated":"2025-07-31T14:27:05.682Z","folderId":null,"pageName":"Home_577208329","sectionCount":1,"status":2},{"id":10486713,"title":"Research","order":100,"templateKey":null,"customTemplate":false,"customTemplateFilename":null,"pageLinks":[],"dateCreated":"2025-07-29T02:26:19.337Z","dateUpdated":"2025-07-31T03:33:04.866Z","folderId":null,"pageName":"Research_10486713","sectionCount":1,"status":2},{"id":768416606,"title":"Craft and Making","order":101,"templateKey":null,"customTemplate":false,"customTemplateFilename":null,"pageLinks":[],"dateCreated":"2025-07-29T02:26:19.373Z","dateUpdated":"2025-07-31T13:33:34.709Z","folderId":null,"pageName":"Craft and Making_768416606","sectionCount":1,"status":2},{"id":80467498,"title":"Hobby","order":102,"templateKey":null,"customTemplate":false,"customTemplateFilename":null,"pageLinks":[],"dateCreated":"2025-07-29T02:27:11.024Z","dateUpdated":"2025-07-31T13:21:53.148Z","folderId":null,"pageName":"Hobby_80467498","sectionCount":1,"status":2},{"id":917230767,"title":"About Me","order":103,"templateKey":null,"customTemplate":false,"customTemplateFilename":null,"pageLinks":[],"dateCreated":"2025-07-29T02:29:01.985Z","dateUpdated":"2025-07-31T12:51:33.612Z","folderId":null,"pageName":"About Me_917230767","sectionCount":1,"status":2}]